[
    {
        "departamento":"Antioquia",
        "municipios":[
            "Medellín",
            "Abejorral",
            "Abriaquí",
            "Alejandría",
            "Amagá",
            "Amalfi",
            "Andes",
            "Angelópolis",
            "Angostura",
            "Anorí",
            "Anza",
            "Apartadó",
            "Arboletes",
            "Argelia",
            "Armenia",
            "Barbosa",
            "Bello",
            "Betania",
            "Betulia",
            "Ciudad Bolívar",
            "Briceño",
            "Buriticá",
            "Cáceres",
            "Caicedo",
            "Caldas",
            "Campamento",
            "Cañasgordas",
            "Caracolí",
            "Caramanta",
            "Carepa",
            "Carolina",
            "Caucasia",
            "Chigorodó",
            "Cisneros",
            "Cocorná",
            "Concepción",
            "Concordia",
            "Copacabana",
            "Dabeiba",
            "Don Matías",
            "Ebéjico",
            "El Bagre",
            "Entrerrios",
            "Envigado",
            "Fredonia",
            "Giraldo",
            "Girardota",
            "Gómez Plata",
            "Guadalupe",
            "Guarne",
            "Guatapé",
            "Heliconia",
            "Hispania",
            "Itagui",
            "Ituango",
            "Jericó",
            "La Ceja",
            "La Estrella",
            "La Pintada",
            "La Unión",
            "Liborina",
            "Maceo",
            "Marinilla",
            "Montebello",
            "Murindó",
            "Mutatá",
            "Nariño",
            "Necoclí",
            "Nechí",
            "Olaya",
            "Peñol",
            "Peque",
            "Pueblorrico",
            "Puerto Berrío",
            "Puerto Nare",
            "Puerto Triunfo",
            "Remedios",
            "Retiro",
            "Rionegro",
            "Sabanalarga",
            "Sabaneta",
            "Salgar",
            "San Francisco",
            "San Jerónimo",
            "San Luis",
            "San Pedro",
            "San Rafael",
            "San Roque",
            "San Vicente",
            "Santa Bárbara",
            "Santo Domingo",
            "El Santuario",
            "Segovia",
            "Sopetrán",
            "Támesis",
            "Tarazá",
            "Tarso",
            "Titiribí",
            "Toledo",
            "Turbo",
            "Uramita",
            "Urrao",
            "Valdivia",
            "Valparaíso",
            "Vegachí",
            "Venecia",
            "Yalí",
            "Yarumal",
            "Yolombó",
            "Yondó",
            "Zaragoza",
            "Frontino",
            "Granada",
            "Jardín",
            "Sonsón",
            "Belmira",
            "San Pedro de Uraba",
            "Santafé de Antioquia",
            "Santa Rosa de Osos",
            "San Andrés de Cuerquía"
        ]
    },
    {
        "departamento":"Santander",
        "municipios":[
            "Chimá",
            "Capitanejo",
            "El Peñón",
            "Puerto Wilches",
            "Puerto Parra",
            "Bucaramanga",
            "Aguada",
            "Albania",
            "Aratoca",
            "Barbosa",
            "Barichara",
            "Barrancabermeja",
            "Betulia",
            "Bolívar",
            "Cabrera",
            "California",
            "Carcasí",
            "Cepitá",
            "Cerrito",
            "Charalá",
            "Charta",
            "Chipatá",
            "Cimitarra",
            "Concepción",
            "Confines",
            "Contratación",
            "Coromoro",
            "Curití",
            "El Guacamayo",
            "El Playón",
            "Encino",
            "Enciso",
            "Florián",
            "Floridablanca",
            "Galán",
            "Gambita",
            "Girón",
            "Guaca",
            "Guadalupe",
            "Guapotá",
            "Guavatá",
            "Güepsa",
            "Jesús María",
            "Jordán",
            "La Belleza",
            "Landázuri",
            "La Paz",
            "Lebríja",
            "Los Santos",
            "Macaravita",
            "Málaga",
            "Matanza",
            "Mogotes",
            "Molagavita",
            "Ocamonte",
            "Oiba",
            "Onzaga",
            "Palmar",
            "Páramo",
            "Piedecuesta",
            "Pinchote",
            "Puente Nacional",
            "Rionegro",
            "San Andrés",
            "San Gil",
            "San Joaquín",
            "San Miguel",
            "Santa Bárbara",
            "Simacota",
            "Socorro",
            "Suaita",
            "Sucre",
            "Suratá",
            "Tona",
            "Vélez",
            "Vetas",
            "Villanueva",
            "Zapatoca",
            "Palmas del Socorro",
            "San Vicente de Chucurí",
            "San José de Miranda",
            "Santa Helena del Opón"
        ]
    },
    {
        "departamento":"Sucre",
        "municipios":[
            "Sampués",
            "Corozal",
            "Sincelejo",
            "Buenavista",
            "Caimito",
            "Coloso",
            "Coveñas",
            "Chalán",
            "El Roble",
            "Galeras",
            "Guaranda",
            "La Unión",
            "Los Palmitos",
            "Majagual",
            "Morroa",
            "Ovejas",
            "Palmito",
            "San Benito Abad",
            "San Marcos",
            "San Onofre",
            "San Pedro",
            "Sucre",
            "Tolú Viejo",
            "San Luis de Sincé"
        ]
    },
    {
        "departamento":"Casanare",
        "municipios":[
            "Nunchía",
            "Maní",
            "Támara",
            "Orocué",
            "Yopal",
            "Aguazul",
            "Chámeza",
            "Hato Corozal",
            "La Salina",
            "Monterrey",
            "Pore",
            "Recetor",
            "Sabanalarga",
            "Sácama",
            "Tauramena",
            "Trinidad",
            "Villanueva",
            "San Luis de Gaceno",
            "Paz de Ariporo"
        ]
    },
    {
        "departamento":"Norte de Santander",
        "municipios":[
            "Pamplona",
            "Pamplonita",
            "Cúcuta",
            "El Carmen"
        ]
    },
    {
        "departamento":"Cundinamarca",
        "municipios":[
            "Albán",
            "Anolaima",
            "Chía",
            "El Peñón",
            "Sopó",
            "Gama",
            "Sasaima",
            "Yacopí",
            "Anapoima",
            "Arbeláez",
            "Beltrán",
            "Bituima",
            "Bojacá",
            "Cabrera",
            "Cachipay",
            "Cajicá",
            "Caparrapí",
            "Caqueza",
            "Chaguaní",
            "Chipaque",
            "Choachí",
            "Chocontá",
            "Cogua",
            "Cota",
            "Cucunubá",
            "El Colegio",
            "El Rosal",
            "Fomeque",
            "Fosca",
            "Funza",
            "Fúquene",
            "Gachala",
            "Gachancipá",
            "Gachetá",
            "Girardot",
            "Granada",
            "Guachetá",
            "Guaduas",
            "Guasca",
            "Guataquí",
            "Guatavita",
            "Fusagasugá",
            "Guayabetal",
            "Gutiérrez",
            "Jerusalén",
            "Junín",
            "La Calera",
            "La Mesa",
            "La Palma",
            "La Peña",
            "La Vega",
            "Lenguazaque",
            "Macheta",
            "Madrid",
            "Manta",
            "Medina",
            "Mosquera",
            "Nariño",
            "Nemocón",
            "Nilo",
            "Nimaima",
            "Nocaima",
            "Venecia",
            "Pacho",
            "Paime",
            "Pandi",
            "Paratebueno",
            "Pasca",
            "Puerto Salgar",
            "Pulí",
            "Quebradanegra",
            "Quetame",
            "Quipile",
            "Apulo",
            "Ricaurte",
            "San Bernardo",
            "San Cayetano",
            "San Francisco",
            "Zipaquirá",
            "Sesquilé",
            "Sibaté",
            "Silvania",
            "Simijaca",
            "Soacha",
            "Subachoque",
            "Suesca",
            "Supatá",
            "Susa",
            "Sutatausa",
            "Tabio",
            "Tausa",
            "Tena",
            "Tenjo",
            "Tibacuy",
            "Tibirita",
            "Tocaima",
            "Tocancipá",
            "Topaipí",
            "Ubalá",
            "Ubaque",
            "Une",
            "Útica",
            "Vianí",
            "Villagómez",
            "Villapinzón",
            "Villeta",
            "Viotá",
            "Zipacón",
            "Facatativá",
            "San Juan de Río Seco",
            "Villa de San Diego de Ubate",
            "Guayabal de Siquima"
        ]
    }, 
    {
        "departamento":"Vaupés",
        "municipios":[
            "Yavaraté",
            "Mitú",
            "Caruru",
            "Pacoa",
            "Taraira",
            "Papunaua"
        ]
    },
    {
        "departamento":"Córdoba",       
        "municipios":[
            "Montelíbano",
            "Montería",
            "Ayapel",
            "Buenavista",
            "Canalete",
            "Cereté",
            "Chimá",
            "Chinú",
            "Cotorra",
            "Lorica",
            "Los Córdobas",
            "Momil",
            "Moñitos",
            "Planeta Rica",
            "Pueblo Nuevo",
            "Puerto Escondido",
            "Purísima",
            "Sahagún",
            "San Andrés Sotavento",
            "San Antero",
            "San Pelayo",
            "Tierralta",
            "Tuchín",
            "Valencia",
            "La Apartada",
            "Puerto Libertador",
            "San Bernardo del Viento"
        ]
    },
    {
        "departamento":"Putumayo",
        "municipios":[
            "Puerto Asís",
            "Villagarzón",
            "Mocoa",
            "Colón",
            "Orito",
            "Puerto Caicedo",
            "Puerto Guzmán",
            "Leguízamo",
            "Sibundoy",
            "San Francisco",
            "San Miguel",
            "Santiago"
        ]
    },
    {
        "departamento":"Nariño",
        "municipios":[
            "Buesaco",
            "San Andrés de Tumaco",
            "Belén",
            "Chachagüí",
            "Arboleda",
            "Pasto",
            "Albán",
            "Aldana",
            "Ancuyá",
            "Barbacoas",
            "Colón",
            "Consaca",
            "Contadero",
            "Córdoba",
            "Cuaspud",
            "Cumbal",
            "Cumbitara",
            "El Charco",
            "El Peñol",
            "El Rosario",
            "El Tambo",
            "Funes",
            "Guachucal",
            "Guaitarilla",
            "Gualmatán",
            "Iles",
            "Imués",
            "Ipiales",
            "La Cruz",
            "La Florida",
            "La Llanada",
            "La Tola",
            "La Unión",
            "Leiva",
            "Linares",
            "Los Andes",
            "Magüí",
            "Mallama",
            "Mosquera",
            "Nariño",
            "Olaya Herrera",
            "Ospina",
            "Francisco Pizarro",
            "Policarpa",
            "Potosí",
            "Providencia",
            "Puerres",
            "Pupiales",
            "Ricaurte",
            "Roberto Payán",
            "Samaniego",
            "Sandoná",
            "San Bernardo",
            "San Lorenzo",
            "San Pablo",
            "Santa Bárbara",
            "Sapuyes",
            "Taminango",
            "Tangua",
            "Santacruz",
            "Túquerres",
            "Yacuanquer"
        ]
    },
    {
        "departamento":"Atlántico",
        "municipios":[
            "Barranquilla",
            "Baranoa",
            "Candelaria",
            "Galapa",
            "Luruaco",
            "Malambo",
            "Manatí",
            "Piojó",
            "Polonuevo",
            "Sabanagrande",
            "Sabanalarga",
            "Santa Lucía",
            "Santo Tomás",
            "Soledad",
            "Suan",
            "Tubará",
            "Usiacurí",
            "Repelón",
            "Puerto Colombia",
            "Ponedera",
            "Juan de Acosta",
            "Palmar de Varela"
        ]
    },
    {
        "departamento":"Bolívar",
        "municipios":[
            "El Peñón",
            "Achí",
            "Arenal",
            "Arjona",
            "Arroyohondo",
            "Calamar",
            "Cantagallo",
            "Cicuco",
            "Córdoba",
            "Clemencia",
            "El Guamo",
            "Magangué",
            "Mahates",
            "Margarita",
            "Montecristo",
            "Mompós",
            "Morales",
            "Norosí",
            "Pinillos",
            "Regidor",
            "Río Viejo",
            "San Estanislao",
            "San Fernando",
            "San Juan Nepomuceno",
            "Santa Catalina",
            "Santa Rosa",
            "Simití",
            "Soplaviento",
            "Talaigua Nuevo",
            "Tiquisio",
            "Turbaco",
            "Turbaná",
            "Villanueva",
            "Cartagena",
            "María la Baja",
            "San Cristóbal",
            "Zambrano",
            "Barranco de Loba",
            "Santa Rosa del Sur",
            "Hatillo de Loba"
        ]
    },
    {
        "departamento":"Valle del Cauca",
        "municipios":[
            "Tuluá",
            "Florida",
            "Jamundí",
            "Buenaventura"
        ]
    },
    {
        "departamento":"Tolima",
        "municipios":[
            "Casabianca",
            "Anzoátegui",
            "Ibagué",
            "Líbano",
            "Lérida",
            "Suárez",
            "Alpujarra",
            "Alvarado",
            "Ambalema",
            "Armero",
            "Ataco",
            "Cajamarca",
            "Chaparral",
            "Coello",
            "Coyaima",
            "Cunday",
            "Dolores",
            "Espinal",
            "Falan",
            "Flandes",
            "Fresno",
            "Guamo",
            "Herveo",
            "Honda",
            "Icononzo",
            "Mariquita",
            "Melgar",
            "Murillo",
            "Natagaima",
            "Ortega",
            "Palocabildo",
            "Piedras",
            "Planadas",
            "Prado",
            "Purificación",
            "Rio Blanco",
            "Roncesvalles",
            "Rovira",
            "Saldaña",
            "Santa Isabel",
            "Venadillo",
            "Villahermosa",
            "Villarrica",
            "Valle de San Juan"
        ]
    },
    {
        "departamento":"Caquetá",
        "municipios":[
            "Milán",
            "Florencia",
            "Albania",
            "Curillo",
            "El Doncello",
            "El Paujil",
            "Morelia",
            "Puerto Rico",
            "La Montañita",
            "San Vicente del Caguán",
            "Solano",
            "Solita",
            "Valparaíso",
            "San José del Fragua",
            "Belén de Los Andaquies"
        ]
    },
    {
        "departamento":"Amazonas",
        "municipios":[
            "Miriti Paraná",
            "Leticia",
            "El Encanto",
            "La Chorrera",
            "La Pedrera",
            "La Victoria",
            "Puerto Arica",
            "Puerto Nariño",
            "Puerto Santander",
            "Tarapacá"
        ]
    },
    {
        "departamento":"Boyacá",
        "municipios":[
            "Tibasosa",
            "Tunja",
            "Almeida",
            "Aquitania",
            "Arcabuco",
            "Berbeo",
            "Betéitiva",
            "Boavita",
            "Boyacá",
            "Briceño",
            "Buena Vista",
            "Busbanzá",
            "Caldas",
            "Campohermoso",
            "Cerinza",
            "Chinavita",
            "Chiquinquirá",
            "Chiscas",
            "Chita",
            "Chitaraque",
            "Chivatá",
            "Cómbita",
            "Coper",
            "Corrales",
            "Covarachía",
            "Cubará",
            "Cucaita",
            "Cuítiva",
            "Chíquiza",
            "Chivor",
            "Duitama",
            "El Cocuy",
            "El Espino",
            "Firavitoba",
            "Floresta",
            "Gachantivá",
            "Gameza",
            "Garagoa",
            "Guacamayas",
            "Guateque",
            "Guayatá",
            "Güicán",
            "Iza",
            "Jenesano",
            "Jericó",
            "Labranzagrande",
            "La Capilla",
            "La Victoria",
            "Macanal",
            "Maripí",
            "Miraflores",
            "Mongua",
            "Monguí",
            "Moniquirá",
            "Muzo",
            "Nobsa",
            "Nuevo Colón",
            "Oicatá",
            "Otanche",
            "Pachavita",
            "Páez",
            "Paipa",
            "Pajarito",
            "Panqueba",
            "Pauna",
            "Paya",
            "Pesca",
            "Pisba",
            "Puerto Boyacá",
            "Quípama",
            "Ramiriquí",
            "Ráquira",
            "Rondón",
            "Saboyá",
            "Sáchica",
            "Samacá",
            "San Eduardo",
            "San Mateo",
            "Santana",
            "Santa María",
            "Santa Sofía",
            "Sativanorte",
            "Sativasur",
            "Siachoque",
            "Soatá",
            "Socotá",
            "Socha",
            "Sogamoso",
            "Somondoco",
            "Sora",
            "Sotaquirá",
            "Soracá",
            "Susacón",
            "Sutamarchán",
            "Sutatenza",
            "Tasco",
            "Tenza",
            "Tibaná",
            "Tinjacá",
            "Tipacoque",
            "Toca",
            "Tópaga",
            "Tota",
            "Turmequé",
            "Tutazá",
            "Umbita",
            "Ventaquemada",
            "Viracachá",
            "Zetaquira",
            "La Uvita",
            "Belén",
            "Tununguá",
            "Motavita",
            "Ciénega",
            "Togüí",
            "Villa de Leyva",
            "Paz de Río",
            "Santa Rosa de Viterbo",
            "San Pablo de Borbur",
            "San Luis de Gaceno"
        ]
    },
    {
        "departamento":"Cauca",
        "municipios":[
            "Páez",
            "Popayán",
            "Almaguer",
            "Argelia",
            "Balboa",
            "Bolívar",
            "Buenos Aires",
            "Cajibío",
            "Caldono",
            "Caloto",
            "Corinto",
            "El Tambo",
            "Florencia",
            "Guachené",
            "Guapi",
            "Inzá",
            "Jambaló",
            "La Sierra",
            "La Vega",
            "López",
            "Mercaderes",
            "Miranda",
            "Morales",
            "Padilla",
            "Patía",
            "Piamonte",
            "Piendamó",
            "Puerto Tejada",
            "Puracé",
            "Rosas",
            "Santa Rosa",
            "Silvia",
            "Sotara",
            "Suárez",
            "Sucre",
            "Timbío",
            "Timbiquí",
            "Toribio",
            "Totoró",
            "Villa Rica",
            "Santander de Quilichao"
        ]
    },
    {
        "departamento":"Chocó",
        "municipios":[
            "Carmen del Darien",
            "Tadó",
            "Quibdó",
            "Acandí",
            "Alto Baudo",
            "Atrato",
            "Bagadó",
            "Bahía Solano",
            "Bajo Baudó",
            "Bojaya",
            "Unión Panamericana",
            "Cértegui",
            "Condoto",
            "Juradó",
            "Lloró",
            "Medio Atrato",
            "Medio Baudó",
            "Medio San Juan",
            "Nóvita",
            "Nuquí",
            "Río Iro",
            "Río Quito",
            "Riosucio",
            "Sipí",
            "Unguía",
            "Istmina",
            "El Litoral del San Juan",
            "El Cantón del San Pablo"
        ]
    },
    {
        "departamento":"Caldas",
        "municipios":[
            "Manizales",
            "Aguadas",
            "Anserma",
            "Aranzazu",
            "Belalcázar",
            "Chinchiná",
            "Filadelfia",
            "La Dorada",
            "La Merced",
            "Manzanares",
            "Marmato",
            "Marulanda",
            "Neira",
            "Norcasia",
            "Pácora",
            "Palestina",
            "Pensilvania",
            "Riosucio",
            "Risaralda",
            "Salamina",
            "Samaná",
            "San José",
            "Supía",
            "Victoria",
            "Villamaría",
            "Viterbo",
            "Marquetalia"
        ]
    },
    {
        "departamento":"Magdalena",
        "municipios":[
            "Santa Bárbara de Pinto",
            "Pueblo Viejo",
            "Santa Marta",
            "Algarrobo",
            "Aracataca",
            "Ariguaní",
            "Cerro San Antonio",
            "Chivolo",
            "Concordia",
            "El Banco",
            "El Piñon",
            "El Retén",
            "Fundación",
            "Guamal",
            "Nueva Granada",
            "Pedraza",
            "Pivijay",
            "Plato",
            "Remolino",
            "Salamina",
            "San Zenón",
            "Santa Ana",
            "Sitionuevo",
            "Tenerife",
            "Zapayán",
            "Zona Bananera",
            "Ciénaga",
            "San Sebastián de Buenavista",
            "Sabanas de San Angel"
        ]
    },
    {
        "departamento":"Cesar",
        "municipios":[
            "Valledupar",
            "Aguachica",
            "Agustín Codazzi",
            "Astrea",
            "Becerril",
            "Bosconia",
            "Chimichagua",
            "Chiriguaná",
            "Curumaní",
            "El Copey",
            "El Paso",
            "Gamarra",
            "González",
            "La Gloria",
            "Manaure",
            "Pailitas",
            "Pelaya",
            "Pueblo Bello",
            "La Paz",
            "San Alberto",
            "San Diego",
            "San Martín",
            "Tamalameque",
            "Río de Oro",
            "La Jagua de Ibirico"
        ]
    },
    {
        "departamento":"Quindío",
        "municipios":[
            "Calarcá",
            "Génova",
            "Armenia",
            "Buenavista",
            "Circasia",
            "Córdoba",
            "Filandia",
            "La Tebaida",
            "Montenegro",
            "Pijao",
            "Quimbaya",
            "Salento"
        ]
    },
    {
        "departamento":"Meta",
        "municipios":[
            "Castilla la Nueva",
            "Villavicencio",
            "Acacias",
            "Cabuyaro",
            "Cubarral",
            "Cumaral",
            "El Calvario",
            "El Castillo",
            "El Dorado",
            "Granada",
            "Guamal",
            "Mapiripán",
            "Mesetas",
            "La Macarena",
            "Uribe",
            "Lejanías",
            "Puerto Concordia",
            "Puerto Gaitán",
            "Puerto López",
            "Puerto Lleras",
            "Puerto Rico",
            "Restrepo",
            "San Juanito",
            "San Martín",
            "Vista Hermosa",
            "Barranca de Upía",
            "Fuente de Oro",
            "San Carlos de Guaroa"
        ]
    },
    {
        "departamento":"Huila",
        "municipios":[
            "Neiva",
            "Acevedo",
            "Agrado",
            "Aipe",
            "Algeciras",
            "Altamira",
            "Baraya",
            "Campoalegre",
            "Colombia",
            "Elías",
            "Garzón",
            "Gigante",
            "Guadalupe",
            "Hobo",
            "Iquira",
            "Isnos",
            "La Argentina",
            "La Plata",
            "Nátaga",
            "Oporapa",
            "Paicol",
            "Palermo",
            "Palestina",
            "Pital",
            "Pitalito",
            "Rivera",
            "Saladoblanco",
            "Santa María",
            "Suaza",
            "Tarqui",
            "Tesalia",
            "Tello",
            "Teruel",
            "Timaná",
            "Villavieja",
            "Yaguará"
        ]
    },
    {
        "departamento":"La Guajira",
        "municipios":[
            "Riohacha",
            "Albania",
            "Barrancas",
            "Dibula",
            "Distracción",
            "El Molino",
            "Fonseca",
            "Hatonuevo",
            "Maicao",
            "Manaure",
            "Uribia",
            "Urumita",
            "Villanueva",
            "La Jagua del Pilar"
        ]
    },
    {
        "departamento":"Risaralda",
        "municipios":[
            "Pereira",
            "Apía",
            "Balboa",
            "Dosquebradas",
            "Guática",
            "La Celia",
            "La Virginia",
            "Marsella",
            "Mistrató",
            "Pueblo Rico",
            "Quinchía",
            "Santuario",
            "Santa Rosa de Cabal"
        ]
    },
    {
        "departamento":"Arauca",
        "municipios":[
            "Arauquita",
            "Cravo Norte",
            "Fortul",
            "Puerto Rondón",
            "Saravena",
            "Tame",
            "Arauca"
        ]
    },
    {
        "departamento":"Guainía",
        "municipios":[
            "Inírida",
            "Barranco Minas",
            "Mapiripana",
            "San Felipe",
            "Puerto Colombia",
            "La Guadalupe",
            "Cacahual",
            "Pana Pana",
            "Morichal"
        ]
    },
    {
        "departamento":"Vichada",
        "municipios":[
            "Puerto Carreño",
            "La Primavera",
            "Santa Rosalía",
            "Cumaribo"
        ]
    },
    {
        "departamento":"Guaviare",
        "municipios":[
            "Calamar",
            "San José del Guaviare",
            "Miraflores"
        ]
    },
    {
        "departamento":"San Andrés y Providencia",
        "municipios"  :[
            "Providencia"
        ]
    }  
]